time_s,rpm,torque_nm,power_kw,fuel_kgh,cht_c,egt_c,eta_pct,phase,run_id,run_name
0.0,900.0,24.08,2.269,1.799,17.7,331.4,10.561,idle,0,Baseline
2.5,914.6,27.95,2.677,2.098,17.78,331.5,10.68,idle,0,Baseline
5.0,920.4,27.72,2.672,2.08,17.65,329.4,10.757,idle,0,Baseline
7.5,925.6,29.42,2.852,2.209,17.9,328.4,10.809,idle,0,Baseline
10.0,941.0,29.96,2.952,2.156,18.05,328.5,11.463,idle,0,Baseline
12.5,946.2,34.02,3.371,2.624,18.32,328.9,10.755,idle,0,Baseline
15.0,966.9,32.7,3.311,2.601,18.65,329.2,10.659,idle,0,Baseline
17.5,989.3,29.22,3.027,2.345,18.72,328.9,10.807,idle,0,Baseline
20.0,980.0,32.94,3.38,2.62,18.66,329.0,10.804,idle,0,Baseline
22.5,986.9,30.9,3.193,2.348,18.67,329.2,11.386,idle,0,Baseline
25.0,1005.4,28.64,3.016,2.211,18.62,328.8,11.417,idle,0,Baseline
27.5,1010.7,34.19,3.619,2.722,18.72,329.5,11.13,idle,0,Baseline
30.0,1013.8,37.81,4.015,3.01,18.92,328.3,11.166,idle,0,Baseline
32.5,1008.2,34.93,3.688,2.725,18.86,328.9,11.328,idle,0,Baseline
35.0,1020.9,31.98,3.419,2.425,18.99,328.2,11.802,idle,0,Baseline
37.5,1030.8,31.74,3.426,2.711,18.94,328.8,10.583,idle,0,Baseline
40.0,1012.0,35.01,3.71,2.674,19.1,328.8,11.617,idle,0,Baseline
42.5,1021.4,32.03,3.426,2.592,19.18,328.2,11.067,idle,0,Baseline
45.0,1006.5,30.64,3.229,2.337,19.2,328.4,11.567,idle,0,Baseline
47.5,1011.0,29.15,3.086,2.371,19.23,327.6,10.896,idle,0,Baseline
50.0,1002.8,27.96,2.937,2.226,19.2,326.9,11.045,idle,0,Baseline
52.5,1015.1,28.07,2.984,2.325,19.16,326.0,10.747,idle,0,Baseline
55.0,1000.1,26.11,2.734,2.129,19.0,325.9,10.752,idle,0,Baseline
57.5,1009.8,23.97,2.535,1.857,18.98,326.1,11.428,idle,0,Baseline
60.0,1002.1,20.03,2.102,1.589,19.09,326.3,11.072,idle,0,Baseline
62.5,991.2,21.76,2.259,1.765,19.23,325.8,10.718,idle,0,Baseline
65.0,959.7,18.09,1.818,1.478,19.24,325.9,10.297,idle,0,Baseline
67.5,970.5,20.48,2.081,1.721,19.22,325.5,10.125,idle,0,Baseline
70.0,965.8,14.71,1.488,1.204,19.0,324.7,10.35,idle,0,Baseline
72.5,957.3,16.1,1.614,1.291,19.01,324.6,10.469,idle,0,Baseline
75.0,930.2,15.66,1.526,1.238,18.87,324.7,10.318,idle,0,Baseline
77.5,929.7,12.52,1.219,0.999,18.7,323.7,10.21,idle,0,Baseline
80.0,913.4,18.3,1.75,1.462,18.59,323.3,10.02,idle,0,Baseline
82.5,903.5,17.67,1.672,1.363,18.51,323.0,10.273,idle,0,Baseline
85.0,910.6,13.93,1.328,1.091,18.35,322.6,10.191,idle,0,Baseline
87.5,880.3,16.71,1.54,1.222,18.26,321.8,10.549,idle,0,Baseline
90.0,1012.9,28.8,3.054,2.172,18.26,323.2,11.776,cruise,0,Baseline
92.5,1130.2,35.16,4.161,2.881,18.47,324.2,12.093,cruise,0,Baseline
95.0,1208.9,52.92,6.699,4.219,19.22,327.1,13.296,cruise,0,Baseline
97.5,1294.1,64.18,8.698,4.93,19.92,329.9,14.771,cruise,0,Baseline
100.0,1365.8,76.29,10.912,5.728,20.83,334.3,15.948,cruise,0,Baseline
102.5,1425.3,85.77,12.802,6.281,21.96,339.2,17.065,cruise,0,Baseline
105.0,1464.4,99.17,15.207,6.853,23.3,344.3,18.578,cruise,0,Baseline
107.5,1522.5,111.07,17.708,7.517,24.67,351.6,19.721,cruise,0,Baseline
110.0,1574.8,125.39,20.679,7.937,26.38,358.5,21.811,cruise,0,Baseline
112.5,1580.7,135.05,22.355,8.373,28.25,366.2,22.351,cruise,0,Baseline
115.0,1636.1,145.4,24.911,8.764,30.23,373.8,23.796,cruise,0,Baseline
117.5,1657.2,159.05,27.601,9.319,32.35,380.9,24.796,cruise,0,Baseline
120.0,1675.9,164.89,28.939,9.612,34.61,387.9,25.205,cruise,0,Baseline
122.5,1727.3,174.53,31.57,10.055,36.79,395.8,26.287,cruise,0,Baseline
125.0,1738.9,180.18,32.81,10.201,39.02,403.1,26.928,cruise,0,Baseline
127.5,1742.9,194.53,35.504,10.804,41.33,410.9,27.513,cruise,0,Baseline
130.0,1779.2,199.89,37.242,10.989,43.87,418.3,28.373,cruise,0,Baseline
132.5,1808.0,205.27,38.866,11.295,46.06,424.6,28.807,cruise,0,Baseline
135.0,1824.8,209.11,39.959,11.658,48.34,431.6,28.697,cruise,0,Baseline
137.5,1858.6,211.15,41.097,11.643,50.59,437.1,29.552,cruise,0,Baseline
140.0,1877.1,213.33,41.934,11.95,52.87,443.7,29.378,cruise,0,Baseline
142.5,1911.4,213.17,42.67,11.929,55.05,449.2,29.947,cruise,0,Baseline
145.0,1947.2,212.9,43.412,11.961,57.22,454.2,30.386,cruise,0,Baseline
147.5,1955.2,211.93,43.392,12.149,58.93,458.8,29.903,cruise,0,Baseline
150.0,1994.1,212.34,44.341,12.009,60.85,463.6,30.912,cruise,0,Baseline
152.5,2018.5,206.99,43.752,11.821,62.43,466.3,30.987,cruise,0,Baseline
155.0,2056.4,201.49,43.389,11.717,63.82,468.1,31.003,cruise,0,Baseline
157.5,2075.9,195.47,42.493,11.542,65.09,469.6,30.823,cruise,0,Baseline
160.0,2115.3,189.82,42.047,11.417,66.08,470.0,30.833,cruise,0,Baseline
162.5,2152.8,188.33,42.459,11.544,66.92,471.2,30.791,cruise,0,Baseline
165.0,2197.8,179.91,41.406,11.272,67.73,473.2,30.753,cruise,0,Baseline
167.5,2234.3,172.69,40.404,11.144,68.25,472.7,30.354,cruise,0,Baseline
170.0,2243.5,165.55,38.895,10.825,68.62,472.4,30.082,cruise,0,Baseline
172.5,2282.3,157.92,37.743,10.813,68.93,470.2,29.222,cruise,0,Baseline
175.0,2329.7,154.24,37.628,10.698,69.19,469.3,29.447,cruise,0,Baseline
177.5,2335.4,150.83,36.887,10.597,69.46,467.7,29.143,cruise,0,Baseline
180.0,2381.9,143.61,35.82,10.534,69.41,465.9,28.468,cruise,0,Baseline
182.5,2415.4,139.97,35.403,10.566,69.19,464.5,28.051,cruise,0,Baseline
185.0,2457.4,136.82,35.209,10.516,69.03,463.9,28.03,cruise,0,Baseline
187.5,2478.5,135.21,35.093,10.806,68.86,462.4,27.188,cruise,0,Baseline
190.0,2493.3,130.47,34.066,10.426,68.55,460.5,27.354,cruise,0,Baseline
192.5,2515.8,132.84,34.998,10.666,68.53,458.7,27.472,cruise,0,Baseline
195.0,2537.7,132.26,35.146,10.747,68.43,458.3,27.378,cruise,0,Baseline
197.5,2573.8,137.38,37.027,11.158,68.44,458.5,27.782,cruise,0,Baseline
200.0,2570.2,136.67,36.785,11.232,68.67,459.2,27.418,cruise,0,Baseline
202.5,2584.8,142.89,38.677,11.544,69.04,460.3,28.049,cruise,0,Baseline
205.0,2602.0,149.16,40.642,11.817,69.66,463.6,28.795,cruise,0,Baseline
207.5,2605.2,150.61,41.09,11.927,70.26,464.3,28.842,cruise,0,Baseline
210.0,2609.5,155.84,42.585,12.217,71.04,466.9,29.182,cruise,0,Baseline
212.5,2602.6,163.77,44.635,12.753,71.95,471.0,29.301,cruise,0,Baseline
215.0,2613.1,170.15,46.56,12.855,73.14,474.8,30.324,cruise,0,Baseline
217.5,2605.4,175.22,47.806,12.961,74.3,478.6,30.881,cruise,0,Baseline
220.0,2615.4,185.32,50.756,13.539,75.72,483.9,31.386,cruise,0,Baseline
222.5,2601.4,195.62,53.292,14.064,77.34,489.1,31.723,cruise,0,Baseline
225.0,2583.2,198.12,53.594,14.303,78.69,494.7,31.37,cruise,0,Baseline
227.5,2576.2,204.99,55.3,14.286,80.26,501.9,32.408,cruise,0,Baseline
230.0,2549.7,209.63,55.973,14.497,81.77,507.6,32.325,cruise,0,Baseline
232.5,2545.1,218.13,58.136,15.29,83.47,512.3,31.833,cruise,0,Baseline
235.0,2513.8,220.1,57.941,14.774,84.86,516.4,32.834,cruise,0,Baseline
237.5,2497.2,224.71,58.762,15.193,86.52,520.6,32.381,cruise,0,Baseline
240.0,2454.2,232.95,59.868,15.387,88.04,525.7,32.575,cruise,0,Baseline
242.5,2444.8,231.11,59.17,15.113,89.23,528.5,32.777,cruise,0,Baseline
245.0,2397.5,236.64,59.412,14.901,90.3,531.1,33.38,cruise,0,Baseline
247.5,2366.1,238.06,58.985,15.024,91.37,534.1,32.87,cruise,0,Baseline
250.0,2354.6,235.05,57.956,14.678,92.25,535.9,33.057,cruise,0,Baseline
252.5,2319.4,234.13,56.867,14.233,92.87,536.1,33.449,cruise,0,Baseline
255.0,2300.4,234.44,56.478,14.172,93.47,535.6,33.364,cruise,0,Baseline
257.5,2291.7,226.73,54.411,13.891,93.71,533.7,32.794,cruise,0,Baseline
260.0,2231.6,221.66,51.799,13.344,93.72,531.0,32.498,cruise,0,Baseline
262.5,2204.8,215.08,49.66,13.01,93.35,526.6,31.956,cruise,0,Baseline
265.0,2185.0,212.15,48.542,12.715,92.94,524.0,31.963,cruise,0,Baseline
267.5,2160.7,208.74,47.233,12.326,92.5,520.1,32.081,cruise,0,Baseline
270.0,2128.1,201.0,44.794,11.857,91.96,516.1,31.627,cruise,0,Baseline
272.5,2103.4,190.2,41.894,11.342,90.76,511.7,30.923,cruise,0,Baseline
275.0,2089.6,183.23,40.095,10.92,89.5,506.6,30.74,cruise,0,Baseline
277.5,2066.8,176.79,38.264,10.791,88.08,499.8,29.686,cruise,0,Baseline
280.0,2032.3,171.38,36.475,10.415,86.72,494.1,29.32,cruise,0,Baseline
282.5,2025.1,163.68,34.711,10.026,85.06,488.4,28.984,cruise,0,Baseline
285.0,2011.8,158.23,33.335,9.81,83.43,481.6,28.449,cruise,0,Baseline
287.5,1988.9,152.66,31.796,9.506,81.8,474.8,28.003,cruise,0,Baseline
290.0,1992.7,146.4,30.549,9.357,80.05,468.8,27.333,cruise,0,Baseline
292.5,1974.7,142.62,29.493,9.256,78.31,462.2,26.678,cruise,0,Baseline
295.0,1988.9,139.68,29.093,9.11,76.72,458.2,26.737,cruise,0,Baseline
297.5,1979.8,136.6,28.32,9.12,75.0,451.9,25.998,cruise,0,Baseline
300.0,2005.9,140.02,29.412,9.368,73.61,448.1,26.285,climb,0,Baseline
302.5,2026.6,145.6,30.9,9.386,72.62,446.2,27.561,climb,0,Baseline
305.0,2059.3,146.63,31.621,9.568,71.84,445.1,27.669,climb,0,Baseline
307.5,2069.4,149.96,32.496,9.677,71.2,444.8,28.113,climb,0,Baseline
310.0,2107.8,151.73,33.49,10.057,70.58,445.3,27.88,climb,0,Baseline
312.5,2153.6,161.99,36.534,10.433,70.5,447.2,29.317,climb,0,Baseline
315.0,2160.7,164.28,37.171,10.567,70.62,450.0,29.449,climb,0,Baseline
317.5,2223.6,173.08,40.303,11.155,71.1,452.2,30.249,climb,0,Baseline
320.0,2232.0,186.02,43.48,11.88,71.85,457.3,30.64,climb,0,Baseline
322.5,2292.4,194.71,46.742,12.294,72.86,463.1,31.831,climb,0,Baseline
325.0,2312.7,202.43,49.025,12.604,74.22,469.9,32.565,climb,0,Baseline
327.5,2366.0,209.02,51.79,13.257,75.68,477.4,32.706,climb,0,Baseline
330.0,2397.4,221.54,55.619,14.234,77.43,485.3,32.713,climb,0,Baseline
332.5,2419.0,230.72,58.445,14.836,79.42,493.8,32.981,climb,0,Baseline
335.0,2485.4,242.93,63.227,15.989,82.04,504.8,33.106,climb,0,Baseline
337.5,2525.9,255.35,67.544,17.812,84.85,516.4,31.748,climb,0,Baseline
340.0,2549.3,259.89,69.38,17.957,87.75,526.7,32.347,climb,0,Baseline
342.5,2585.2,265.8,71.957,18.695,90.58,538.7,32.225,climb,0,Baseline
345.0,2623.7,272.05,74.746,19.645,93.65,550.6,31.854,climb,0,Baseline
347.5,2652.0,280.32,77.847,20.601,96.7,560.3,31.637,climb,0,Baseline
350.0,2708.0,285.01,80.822,21.903,99.91,571.4,30.893,climb,0,Baseline
352.5,2725.4,286.8,81.853,22.517,103.24,582.8,30.434,climb,0,Baseline
355.0,2762.5,291.81,84.419,23.65,106.45,592.9,29.884,climb,0,Baseline
357.5,2785.5,290.46,84.725,23.696,109.32,601.3,29.935,climb,0,Baseline
360.0,2815.4,294.86,86.931,25.062,112.26,609.6,29.04,climb,0,Baseline
362.5,2834.8,293.33,87.077,25.037,115.03,616.4,29.118,climb,0,Baseline
365.0,2883.6,290.68,87.777,25.242,117.75,622.9,29.114,climb,0,Baseline
367.5,2890.4,283.67,85.861,24.179,119.85,627.0,29.73,climb,0,Baseline
370.0,2919.6,280.65,85.806,24.816,121.66,631.3,28.948,climb,0,Baseline
372.5,2925.2,273.36,83.737,23.983,123.21,633.0,29.231,climb,0,Baseline
375.0,2930.2,265.98,81.615,23.153,124.41,633.2,29.512,climb,0,Baseline
377.5,2942.8,258.49,79.66,22.284,125.29,631.8,29.928,climb,0,Baseline
380.0,2946.3,248.42,76.647,21.629,125.85,629.5,29.669,climb,0,Baseline
382.5,2954.6,239.6,74.133,20.614,125.97,625.5,30.108,climb,0,Baseline
385.0,2950.1,235.34,72.704,20.677,125.95,621.7,29.438,climb,0,Baseline
387.5,2947.1,224.6,69.316,19.573,125.34,617.3,29.65,climb,0,Baseline
390.0,2929.4,216.81,66.511,18.734,124.63,611.4,29.724,climb,0,Baseline
392.5,2925.2,210.12,64.364,18.012,123.83,605.2,29.916,climb,0,Baseline
395.0,2936.8,196.9,60.555,17.216,122.51,597.6,29.447,climb,0,Baseline
397.5,2897.8,191.72,58.179,16.873,120.96,589.6,28.867,climb,0,Baseline
400.0,2875.5,187.39,56.426,16.255,119.31,581.6,29.062,climb,0,Baseline
402.5,2868.4,182.52,54.826,15.688,117.76,573.8,29.258,climb,0,Baseline
405.0,2855.8,176.75,52.858,15.39,115.83,566.6,28.754,climb,0,Baseline
407.5,2801.7,176.48,51.778,14.981,114.01,558.8,28.936,climb,0,Baseline
410.0,2786.7,172.98,50.48,14.274,112.23,552.8,29.608,climb,0,Baseline
412.5,2753.4,169.53,48.881,13.889,110.43,546.0,29.466,climb,0,Baseline
415.0,2711.7,170.76,48.49,13.611,108.61,539.5,29.825,climb,0,Baseline
417.5,2705.0,176.16,49.9,13.962,107.17,535.0,29.921,climb,0,Baseline
420.0,2664.9,178.63,49.849,13.568,105.79,531.0,30.758,climb,0,Baseline
422.5,2632.7,178.21,49.132,13.478,104.48,527.7,30.52,climb,0,Baseline
425.0,2591.1,190.08,51.577,13.593,103.53,525.8,31.766,climb,0,Baseline
427.5,2569.7,194.93,52.456,13.951,102.68,525.8,31.478,climb,0,Baseline
430.0,2526.6,203.6,53.87,14.099,102.17,525.5,31.988,climb,0,Baseline
432.5,2498.0,208.01,54.414,14.006,101.85,524.7,32.527,climb,0,Baseline
435.0,2456.6,216.59,55.717,14.329,101.54,525.7,32.554,climb,0,Baseline
437.5,2424.8,223.68,56.799,14.358,101.45,526.4,33.12,climb,0,Baseline
440.0,2421.0,239.95,60.835,15.407,101.95,530.6,33.058,climb,0,Baseline
442.5,2375.0,243.46,60.551,15.515,102.2,534.6,32.674,climb,0,Baseline
445.0,2357.1,255.75,63.129,16.139,102.87,539.3,32.748,climb,0,Baseline
447.5,2330.2,259.67,63.364,16.332,103.39,542.2,32.483,climb,0,Baseline
450.0,2326.9,272.57,66.417,17.164,104.45,546.9,32.396,max,0,Baseline
452.5,2326.9,279.3,68.057,18.02,105.73,553.3,31.62,max,0,Baseline
455.0,2339.4,291.25,71.349,19.251,107.28,559.9,31.029,max,0,Baseline
457.5,2332.0,302.17,73.792,20.067,108.79,566.7,30.787,max,0,Baseline
460.0,2336.7,304.59,74.533,20.177,110.36,573.6,30.926,max,0,Baseline
462.5,2343.2,314.72,77.226,21.496,112.07,581.8,30.078,max,0,Baseline
465.0,2361.3,317.26,78.451,22.412,113.79,588.9,29.306,max,0,Baseline
467.5,2365.1,316.97,78.504,22.371,115.52,594.2,29.379,max,0,Baseline
470.0,2373.0,318.99,79.269,22.413,116.92,599.3,29.609,max,0,Baseline
472.5,2376.8,318.48,79.269,22.761,118.44,603.8,29.157,max,0,Baseline
475.0,2384.4,317.21,79.205,22.858,119.73,606.9,29.01,max,0,Baseline
477.5,2425.9,312.74,79.449,22.397,121.08,609.3,29.699,max,0,Baseline
480.0,2446.8,307.34,78.75,21.829,122.12,611.7,30.204,max,0,Baseline
482.5,2458.9,302.38,77.861,21.605,122.89,612.6,30.171,max,0,Baseline
485.0,2491.2,293.89,76.67,21.079,123.55,613.1,30.451,max,0,Baseline
487.5,2521.3,285.45,75.368,20.387,124.04,613.0,30.951,max,0,Baseline
490.0,2551.7,279.32,74.638,19.642,124.33,613.7,31.814,max,0,Baseline
492.5,2584.3,272.09,73.635,19.511,124.52,611.8,31.596,max,0,Baseline
495.0,2604.0,257.88,70.322,18.295,124.2,608.7,32.18,max,0,Baseline
497.5,2658.7,251.48,70.018,18.235,123.72,605.9,32.147,max,0,Baseline
500.0,2667.4,240.85,67.275,17.409,123.23,602.2,32.353,max,0,Baseline
502.5,2725.7,231.21,65.995,17.433,122.61,598.7,31.694,max,0,Baseline
505.0,2760.0,226.42,65.441,17.309,121.92,594.5,31.653,max,0,Baseline
507.5,2802.2,215.95,63.37,17.264,121.03,589.5,30.731,max,0,Baseline
510.0,2850.8,213.15,63.634,17.53,120.33,584.9,30.39,max,0,Baseline
512.5,2885.3,202.81,61.277,17.352,119.26,580.0,29.565,max,0,Baseline
515.0,2896.9,200.52,60.831,16.966,118.2,576.5,30.017,max,0,Baseline
517.5,2928.7,195.94,60.094,17.245,117.18,572.7,29.174,max,0,Baseline
520.0,2989.9,192.89,60.394,17.946,116.41,569.1,28.175,max,0,Baseline
522.5,3006.4,194.97,61.382,18.232,115.58,567.0,28.186,max,0,Baseline
525.0,3049.7,194.29,62.049,18.759,115.14,565.8,27.692,max,0,Baseline
527.5,3089.5,198.02,64.065,19.423,114.81,566.3,27.615,max,0,Baseline
530.0,3093.9,200.29,64.891,20.161,114.55,566.6,26.947,max,0,Baseline
532.5,3116.1,203.07,66.265,20.61,114.71,567.8,26.917,max,0,Baseline
535.0,3164.0,211.09,69.943,21.942,115.17,570.0,26.687,max,0,Baseline
537.5,3183.4,218.53,72.85,22.234,115.83,574.1,27.432,max,0,Baseline
540.0,3199.0,228.41,76.517,23.863,116.97,581.3,26.845,max,0,Baseline
542.5,3217.3,233.51,78.673,25.056,118.41,586.5,26.287,max,0,Baseline
545.0,3220.5,244.67,82.515,26.119,120.21,594.3,26.449,max,0,Baseline
547.5,3222.9,251.13,84.756,26.529,121.99,602.5,26.747,max,0,Baseline
550.0,3241.8,265.9,90.27,29.639,124.37,612.4,25.498,max,0,Baseline
552.5,3235.9,272.46,92.326,30.488,126.84,621.8,25.353,max,0,Baseline
555.0,3227.8,280.83,94.925,30.989,129.3,631.8,25.646,max,0,Baseline
557.5,3244.5,293.74,99.803,33.883,132.24,643.2,24.66,max,0,Baseline
560.0,3230.7,304.89,103.15,35.497,135.32,654.8,24.328,max,0,Baseline
562.5,3223.9,307.68,103.875,36.378,138.18,664.0,23.906,max,0,Baseline
565.0,3195.3,315.66,105.624,36.074,141.04,673.9,24.514,max,0,Baseline
567.5,3180.9,322.38,107.385,37.168,143.93,682.9,24.189,max,0,Baseline
570.0,3156.8,326.43,107.912,37.887,146.65,691.1,23.846,max,0,Baseline
572.5,3134.6,332.97,109.298,38.675,149.26,699.3,23.66,max,0,Baseline
575.0,3119.5,332.75,108.699,39.525,151.61,706.2,23.025,max,0,Baseline
577.5,3081.5,333.65,107.666,37.319,153.79,711.6,24.154,max,0,Baseline
580.0,3062.6,335.56,107.619,37.621,155.71,715.3,23.949,max,0,Baseline
582.5,3030.3,330.77,104.965,35.392,157.21,717.8,24.83,max,0,Baseline
585.0,3013.6,329.65,104.033,34.624,158.51,719.4,25.155,max,0,Baseline
587.5,2944.6,322.06,99.307,31.868,159.08,718.1,26.089,max,0,Baseline
590.0,2931.6,315.58,96.88,30.858,159.47,715.6,26.285,max,0,Baseline
592.5,2885.4,307.26,92.838,27.847,159.05,710.2,27.912,max,0,Baseline
595.0,2849.4,306.63,91.495,27.421,158.65,704.8,27.935,max,0,Baseline
597.5,2798.2,293.48,86.0,24.554,157.52,697.6,29.323,max,0,Baseline
0.0,987.1,33.8,3.494,2.675,1.79,313.4,10.934,idle,1,Cold day
2.5,1011.6,33.01,3.497,2.672,1.66,312.5,10.958,idle,1,Cold day
5.0,1012.1,35.78,3.792,2.833,1.77,311.9,11.207,idle,1,Cold day
7.5,1020.8,36.93,3.948,2.857,1.6,311.0,11.569,idle,1,Cold day
10.0,1013.3,33.42,3.547,2.603,1.56,309.5,11.406,idle,1,Cold day
12.5,1027.0,34.67,3.728,2.72,1.37,309.2,11.478,idle,1,Cold day
15.0,1039.9,34.22,3.726,2.663,1.47,308.8,11.716,idle,1,Cold day
17.5,1052.2,37.2,4.099,3.052,1.4,309.4,11.245,idle,1,Cold day
20.0,1055.3,38.52,4.257,2.943,1.38,308.8,12.111,idle,1,Cold day
22.5,1045.6,36.02,3.944,2.904,1.42,309.8,11.37,idle,1,Cold day
25.0,1044.4,32.65,3.571,2.612,1.44,309.8,11.447,idle,1,Cold day
27.5,1036.9,35.16,3.818,2.759,1.27,309.6,11.585,idle,1,Cold day
30.0,1046.9,27.95,3.064,2.308,1.09,308.7,11.113,idle,1,Cold day
32.5,1037.1,32.62,3.542,2.65,0.88,308.2,11.191,idle,1,Cold day
35.0,1041.3,26.87,2.93,2.213,0.77,307.2,11.083,idle,1,Cold day
37.5,1047.4,21.13,2.318,1.736,0.57,306.4,11.178,idle,1,Cold day
40.0,1023.2,30.49,3.267,2.355,0.47,306.6,11.614,idle,1,Cold day
42.5,1001.3,26.85,2.815,2.078,0.3,306.3,11.344,idle,1,Cold day
45.0,999.6,20.18,2.112,1.667,0.08,305.0,10.609,idle,1,Cold day
47.5,984.8,21.2,2.186,1.721,-0.14,304.6,10.636,idle,1,Cold day
50.0,977.9,19.15,1.961,1.565,-0.25,303.7,10.488,idle,1,Cold day
52.5,992.8,18.63,1.936,1.48,-0.26,303.6,10.951,idle,1,Cold day
55.0,971.4,14.45,1.47,1.236,-0.65,304.3,9.952,idle,1,Cold day
57.5,942.8,15.21,1.502,1.161,-0.83,304.1,10.833,idle,1,Cold day
60.0,953.1,16.86,1.683,1.352,-1.01,303.5,10.421,idle,1,Cold day
62.5,947.5,15.92,1.58,1.288,-1.1,302.2,10.272,idle,1,Cold day
65.0,919.4,17.63,1.698,1.348,-1.3,301.2,10.541,idle,1,Cold day
67.5,904.4,15.37,1.455,1.149,-1.44,300.1,10.607,idle,1,Cold day
70.0,896.0,20.09,1.885,1.501,-1.61,300.8,10.518,idle,1,Cold day
72.5,890.5,14.36,1.339,1.066,-1.66,300.3,10.52,idle,1,Cold day
75.0,882.7,16.91,1.563,1.272,-1.73,300.4,10.292,idle,1,Cold day
77.5,877.1,13.35,1.226,0.979,-1.86,299.9,10.484,idle,1,Cold day
80.0,866.8,15.64,1.42,1.13,-1.91,300.1,10.516,idle,1,Cold day
82.5,856.5,21.93,1.967,1.604,-1.95,301.3,10.266,idle,1,Cold day
85.0,848.8,18.64,1.657,1.31,-2.15,300.9,10.59,idle,1,Cold day
87.5,833.1,22.94,2.002,1.631,-2.09,300.9,10.272,idle,1,Cold day
90.0,930.6,38.73,3.774,2.801,-1.86,301.7,11.279,cruise,1,Cold day
92.5,1050.0,53.33,5.864,3.984,-1.44,304.6,12.322,cruise,1,Cold day
95.0,1147.9,70.87,8.519,5.056,-0.63,307.4,14.108,cruise,1,Cold day
97.5,1224.2,86.21,11.053,5.804,0.43,311.2,15.944,cruise,1,Cold day
100.0,1311.9,101.38,13.928,6.823,1.51,315.8,17.091,cruise,1,Cold day
102.5,1366.9,118.31,16.934,7.327,2.9,321.5,19.35,cruise,1,Cold day
105.0,1422.9,131.77,19.635,7.914,4.71,329.1,20.771,cruise,1,Cold day
107.5,1503.5,142.07,22.369,8.366,6.68,338.3,22.384,cruise,1,Cold day
110.0,1548.8,153.15,24.839,9.082,8.58,345.3,22.898,cruise,1,Cold day
112.5,1594.3,166.14,27.737,9.337,10.62,354.2,24.87,cruise,1,Cold day
115.0,1648.9,174.76,30.177,9.621,12.83,362.7,26.261,cruise,1,Cold day
117.5,1696.0,185.1,32.876,10.216,15.2,370.6,26.942,cruise,1,Cold day
120.0,1733.3,195.09,35.41,10.556,17.57,379.3,28.084,cruise,1,Cold day
122.5,1748.7,196.81,36.041,10.933,19.98,387.1,27.6,cruise,1,Cold day
125.0,1809.4,199.0,37.705,10.766,22.26,394.4,29.321,cruise,1,Cold day
127.5,1854.0,201.28,39.078,11.088,24.53,403.0,29.507,cruise,1,Cold day
130.0,1890.8,201.13,39.825,10.983,26.91,408.4,30.358,cruise,1,Cold day
132.5,1944.6,200.98,40.926,11.392,29.07,415.0,30.077,cruise,1,Cold day
135.0,1996.4,199.53,41.715,11.174,31.21,421.0,31.254,cruise,1,Cold day
137.5,2021.4,198.42,42.001,11.292,33.28,425.7,31.141,cruise,1,Cold day
140.0,2056.5,195.06,42.008,11.134,35.2,430.2,31.587,cruise,1,Cold day
142.5,2129.6,193.29,43.105,11.465,36.99,435.0,31.476,cruise,1,Cold day
145.0,2145.9,186.23,41.848,11.192,38.52,438.0,31.305,cruise,1,Cold day
147.5,2178.8,181.35,41.376,10.806,39.8,440.4,32.056,cruise,1,Cold day
150.0,2233.6,173.69,40.625,11.015,41.13,442.2,30.879,cruise,1,Cold day
152.5,2274.8,173.63,41.361,11.155,42.33,442.5,31.041,cruise,1,Cold day
155.0,2301.9,165.58,39.912,10.898,43.1,444.1,30.661,cruise,1,Cold day
157.5,2354.1,162.53,40.067,11.076,43.93,445.9,30.285,cruise,1,Cold day
160.0,2377.4,155.26,38.653,10.652,44.6,446.0,30.38,cruise,1,Cold day
162.5,2407.5,151.83,38.279,10.592,45.15,445.8,30.255,cruise,1,Cold day
165.0,2451.4,144.14,37.003,10.748,45.64,443.4,28.822,cruise,1,Cold day
167.5,2488.3,142.59,37.154,10.982,46.06,442.3,28.323,cruise,1,Cold day
170.0,2503.1,143.9,37.719,10.784,46.33,441.3,29.284,cruise,1,Cold day
172.5,2539.5,134.27,35.707,10.569,46.39,439.3,28.283,cruise,1,Cold day
175.0,2559.6,138.25,37.058,10.879,46.48,439.4,28.518,cruise,1,Cold day
177.5,2610.6,139.48,38.13,11.18,46.84,439.0,28.553,cruise,1,Cold day
180.0,2594.5,138.1,37.521,11.267,47.09,438.8,27.881,cruise,1,Cold day
182.5,2631.8,140.97,38.851,11.533,47.72,438.2,28.203,cruise,1,Cold day
185.0,2631.0,145.13,39.987,11.866,48.18,439.5,28.214,cruise,1,Cold day
187.5,2641.0,145.28,40.178,11.94,48.42,440.8,28.172,cruise,1,Cold day
190.0,2657.2,152.33,42.387,12.064,49.04,442.7,29.416,cruise,1,Cold day
192.5,2663.6,155.34,43.329,12.452,49.79,444.9,29.133,cruise,1,Cold day
195.0,2669.1,161.98,45.276,12.425,50.57,449.4,30.508,cruise,1,Cold day
197.5,2658.5,168.87,47.012,12.944,51.53,452.3,30.406,cruise,1,Cold day
200.0,2645.0,176.98,49.021,13.323,52.7,456.1,30.804,cruise,1,Cold day
202.5,2638.6,184.95,51.105,13.479,54.09,460.6,31.743,cruise,1,Cold day
205.0,2639.2,193.05,53.354,13.762,55.58,466.9,32.458,cruise,1,Cold day
207.5,2627.4,196.63,54.101,14.028,56.97,473.3,32.288,cruise,1,Cold day
210.0,2620.5,210.78,57.843,14.983,58.84,479.8,32.322,cruise,1,Cold day
212.5,2593.2,215.94,58.642,14.851,60.53,485.1,33.059,cruise,1,Cold day
215.0,2579.9,221.42,59.821,14.94,62.23,490.5,33.523,cruise,1,Cold day
217.5,2562.7,224.94,60.366,15.277,63.77,496.2,33.08,cruise,1,Cold day
220.0,2525.6,230.49,60.959,15.386,65.32,500.3,33.17,cruise,1,Cold day
222.5,2483.8,235.96,61.374,15.192,66.92,505.4,33.821,cruise,1,Cold day
225.0,2460.2,238.93,61.556,15.342,68.21,509.8,33.59,cruise,1,Cold day
227.5,2429.7,236.91,60.28,15.175,69.38,512.1,33.257,cruise,1,Cold day
230.0,2431.2,243.11,61.896,15.499,70.73,515.2,33.435,cruise,1,Cold day
232.5,2377.4,247.75,61.681,15.522,71.84,517.9,33.269,cruise,1,Cold day
235.0,2368.3,237.12,58.808,14.621,72.59,518.9,33.674,cruise,1,Cold day
237.5,2331.8,241.04,58.859,14.685,73.15,518.3,33.556,cruise,1,Cold day
240.0,2313.2,236.85,57.375,14.189,73.73,518.3,33.854,cruise,1,Cold day
242.5,2276.6,232.02,55.315,13.771,74.0,516.1,33.628,cruise,1,Cold day
245.0,2236.6,230.37,53.957,13.77,74.0,513.3,32.805,cruise,1,Cold day
247.5,2207.6,219.66,50.783,12.826,73.45,509.6,33.149,cruise,1,Cold day
250.0,2183.6,216.31,49.464,12.505,72.85,505.5,33.116,cruise,1,Cold day
252.5,2159.0,212.35,48.01,12.27,72.32,500.8,32.759,cruise,1,Cold day
255.0,2128.0,201.92,44.996,11.62,71.56,494.6,32.418,cruise,1,Cold day
257.5,2110.8,194.19,42.925,11.403,70.48,488.6,31.515,cruise,1,Cold day
260.0,2107.1,187.92,41.465,11.175,69.4,484.1,31.064,cruise,1,Cold day
262.5,2055.9,179.46,38.637,10.499,67.91,479.0,30.811,cruise,1,Cold day
265.0,2059.8,176.44,38.059,10.601,66.5,473.5,30.057,cruise,1,Cold day
267.5,2034.9,164.64,35.084,10.213,64.88,467.5,28.76,cruise,1,Cold day
270.0,2035.2,162.02,34.53,9.791,63.36,461.0,29.527,cruise,1,Cold day
272.5,2033.7,151.99,32.369,9.604,61.53,454.5,28.218,cruise,1,Cold day
275.0,2019.4,151.01,31.934,9.493,60.03,449.0,28.163,cruise,1,Cold day
277.5,2025.1,145.32,30.819,9.415,58.55,442.8,27.405,cruise,1,Cold day
280.0,2001.8,137.04,28.728,9.061,56.71,436.5,26.545,cruise,1,Cold day
282.5,2031.8,140.14,29.817,9.22,55.13,432.3,27.075,cruise,1,Cold day
285.0,2020.5,136.78,28.94,8.994,53.73,428.1,26.94,cruise,1,Cold day
287.5,2041.3,137.93,29.483,9.009,52.42,424.3,27.399,cruise,1,Cold day
290.0,2048.1,142.92,30.653,9.476,51.18,422.6,27.083,cruise,1,Cold day
292.5,2034.1,139.42,29.697,9.008,50.23,420.3,27.599,cruise,1,Cold day
295.0,2068.6,142.48,30.864,9.393,49.43,419.7,27.509,cruise,1,Cold day
297.5,2096.8,151.5,33.266,9.779,48.92,420.0,28.481,cruise,1,Cold day
300.0,2158.4,157.74,35.652,10.003,48.97,421.4,29.84,climb,1,Cold day
302.5,2193.7,170.22,39.103,10.66,49.24,424.9,30.71,climb,1,Cold day
305.0,2241.2,177.8,41.729,11.284,49.7,429.1,30.962,climb,1,Cold day
307.5,2272.1,185.84,44.218,11.372,50.5,433.8,32.553,climb,1,Cold day
310.0,2348.0,198.36,48.772,12.559,51.66,440.6,32.513,climb,1,Cold day
312.5,2398.9,212.03,53.264,13.368,53.27,449.6,33.358,climb,1,Cold day
315.0,2427.9,222.45,56.558,14.111,55.26,459.1,33.556,climb,1,Cold day
317.5,2471.7,231.38,59.889,14.767,57.38,469.4,33.955,climb,1,Cold day
320.0,2503.3,242.01,63.442,15.946,59.76,478.5,33.308,climb,1,Cold day
322.5,2573.0,251.71,67.822,17.008,62.66,489.4,33.385,climb,1,Cold day
325.0,2634.8,260.11,71.771,18.566,65.71,501.0,32.365,climb,1,Cold day
327.5,2657.4,273.81,76.195,19.751,69.03,513.7,32.298,climb,1,Cold day
330.0,2703.7,277.41,78.544,21.021,72.34,525.4,31.282,climb,1,Cold day
332.5,2735.7,281.53,80.653,21.796,75.62,536.6,30.98,climb,1,Cold day
335.0,2757.7,288.13,83.207,22.37,79.03,548.3,31.14,climb,1,Cold day
337.5,2816.1,294.57,86.867,24.387,82.45,560.0,29.821,climb,1,Cold day
340.0,2823.2,297.01,87.808,24.881,85.89,569.7,29.547,climb,1,Cold day
342.5,2863.7,296.65,88.96,24.949,88.92,580.1,29.852,climb,1,Cold day
345.0,2896.2,295.4,89.594,25.814,91.85,589.1,29.058,climb,1,Cold day
347.5,2927.0,295.32,90.52,26.681,94.54,596.3,28.404,climb,1,Cold day
350.0,2944.2,289.0,89.103,25.681,96.96,602.4,29.048,climb,1,Cold day
352.5,2962.5,285.71,88.636,26.086,99.2,606.5,28.447,climb,1,Cold day
355.0,2966.5,284.83,88.483,25.422,101.34,610.9,29.14,climb,1,Cold day
357.5,2973.4,275.99,85.935,24.399,102.81,612.5,29.487,climb,1,Cold day
360.0,2995.7,270.67,84.909,24.596,104.11,612.8,28.902,climb,1,Cold day
362.5,2993.3,264.61,82.944,23.854,105.03,612.3,29.111,climb,1,Cold day
365.0,2989.4,255.1,79.859,22.557,105.49,609.8,29.64,climb,1,Cold day
367.5,2988.4,245.12,76.71,21.582,105.5,606.5,29.757,climb,1,Cold day
370.0,2991.5,240.59,75.372,21.42,105.47,602.9,29.459,climb,1,Cold day
372.5,2970.0,228.76,71.147,19.741,104.78,597.4,30.174,climb,1,Cold day
375.0,2963.9,218.04,67.675,19.317,103.91,590.3,29.331,climb,1,Cold day
377.5,2946.9,212.05,65.44,18.334,102.84,581.2,29.882,climb,1,Cold day
380.0,2948.1,203.74,62.901,17.764,101.5,574.2,29.644,climb,1,Cold day
382.5,2930.6,194.24,59.612,16.906,99.85,565.2,29.522,climb,1,Cold day
385.0,2924.3,190.14,58.227,16.479,98.13,558.1,29.582,climb,1,Cold day
387.5,2864.7,184.65,55.393,15.749,96.53,550.9,29.447,climb,1,Cold day
390.0,2846.2,177.07,52.776,14.857,94.44,542.8,29.74,climb,1,Cold day
392.5,2833.6,178.09,52.844,14.906,92.81,535.6,29.681,climb,1,Cold day
395.0,2792.1,176.46,51.595,14.5,91.07,528.8,29.791,climb,1,Cold day
397.5,2759.5,176.04,50.87,14.291,89.29,522.7,29.801,climb,1,Cold day
400.0,2747.4,174.76,50.278,14.095,87.51,516.9,29.864,climb,1,Cold day
402.5,2693.6,179.89,50.742,13.702,86.14,512.2,31.005,climb,1,Cold day
405.0,2651.7,184.26,51.164,13.771,84.99,508.3,31.106,climb,1,Cold day
407.5,2616.1,189.42,51.895,13.631,83.76,506.7,31.874,climb,1,Cold day
410.0,2598.9,192.82,52.477,13.551,82.76,504.9,32.422,climb,1,Cold day
412.5,2565.2,203.34,54.622,13.858,82.23,505.1,32.999,climb,1,Cold day
415.0,2515.8,207.23,54.595,13.664,81.66,504.6,33.452,climb,1,Cold day
417.5,2488.0,217.61,56.695,14.28,81.54,505.6,33.239,climb,1,Cold day
420.0,2472.8,229.57,59.447,14.993,81.51,507.8,33.194,climb,1,Cold day
422.5,2444.4,234.58,60.047,14.837,81.65,510.5,33.883,climb,1,Cold day
425.0,2405.1,244.19,61.503,15.306,81.79,513.7,33.642,climb,1,Cold day
427.5,2392.7,256.62,64.299,15.995,82.56,517.8,33.656,climb,1,Cold day
430.0,2369.4,262.53,65.14,16.457,83.09,521.1,33.139,climb,1,Cold day
432.5,2325.5,271.18,66.04,16.695,83.55,524.4,33.117,climb,1,Cold day
435.0,2322.4,280.11,68.124,17.502,84.41,529.9,32.587,climb,1,Cold day
437.5,2314.7,288.9,70.03,18.3,85.42,534.5,32.038,climb,1,Cold day
440.0,2292.8,288.4,69.243,18.139,86.46,537.9,31.959,climb,1,Cold day
442.5,2268.0,296.36,70.388,18.795,87.34,542.5,31.354,climb,1,Cold day
445.0,2280.6,299.99,71.644,19.294,88.32,547.0,31.088,climb,1,Cold day
447.5,2288.1,302.6,72.505,19.634,89.38,550.9,30.916,climb,1,Cold day
450.0,2318.6,308.42,74.885,20.377,90.73,555.0,30.767,max,1,Cold day
452.5,2304.1,312.11,75.307,21.019,91.86,560.4,29.996,max,1,Cold day
455.0,2376.7,316.41,78.749,21.685,93.41,565.8,30.404,max,1,Cold day
457.5,2365.3,314.24,77.835,21.703,94.68,569.9,30.026,max,1,Cold day
460.0,2413.8,314.97,79.616,21.997,95.98,574.0,30.303,max,1,Cold day
462.5,2445.9,312.67,80.085,22.238,97.26,577.0,30.151,max,1,Cold day
465.0,2474.5,306.05,79.307,21.705,98.35,579.2,30.59,max,1,Cold day
467.5,2499.0,302.24,79.094,21.013,99.23,582.0,31.513,max,1,Cold day
470.0,2520.4,298.64,78.82,21.275,100.22,584.1,31.017,max,1,Cold day
472.5,2574.3,288.33,77.727,20.843,100.75,585.0,31.221,max,1,Cold day
475.0,2598.3,278.02,75.648,19.884,101.24,584.0,31.851,max,1,Cold day
477.5,2618.9,270.34,74.142,19.267,101.49,582.1,32.217,max,1,Cold day
480.0,2712.2,259.45,73.689,18.823,101.57,580.9,32.776,max,1,Cold day
482.5,2731.5,252.67,72.275,18.783,101.42,578.4,32.215,max,1,Cold day
485.0,2783.8,244.82,71.368,18.59,101.22,577.2,32.14,max,1,Cold day
487.5,2798.0,232.68,68.177,18.127,100.73,574.4,31.488,max,1,Cold day
490.0,2863.3,225.81,67.708,18.146,100.25,572.9,31.239,max,1,Cold day
492.5,2905.9,221.16,67.299,18.27,99.72,570.1,30.839,max,1,Cold day
495.0,2946.4,211.45,65.24,17.882,99.06,565.8,30.544,max,1,Cold day
497.5,2970.6,207.52,64.556,18.373,98.22,561.5,29.416,max,1,Cold day
500.0,2997.8,200.93,63.078,18.033,97.36,555.4,29.285,max,1,Cold day
502.5,3045.6,198.55,63.326,18.578,96.42,552.2,28.537,max,1,Cold day
505.0,3061.3,197.77,63.401,19.013,95.78,549.7,27.917,max,1,Cold day
507.5,3100.3,203.19,65.969,19.796,95.44,549.7,27.899,max,1,Cold day
510.0,3150.1,199.48,65.804,20.366,95.05,549.4,27.051,max,1,Cold day
512.5,3168.7,202.12,67.067,21.38,95.0,549.9,26.263,max,1,Cold day
515.0,3203.8,206.29,69.212,21.645,95.15,551.3,26.771,max,1,Cold day
517.5,3228.3,212.62,71.881,22.667,95.26,554.3,26.549,max,1,Cold day
520.0,3269.7,220.98,75.664,24.563,96.08,559.5,25.789,max,1,Cold day
522.5,3281.2,227.81,78.276,25.788,97.0,563.8,25.413,max,1,Cold day
525.0,3282.3,240.2,82.562,26.329,98.59,570.4,26.253,max,1,Cold day
527.5,3305.9,245.9,85.128,27.949,100.49,576.8,25.5,max,1,Cold day
530.0,3293.7,258.28,89.083,28.987,102.4,586.4,25.729,max,1,Cold day
532.5,3302.2,266.19,92.049,30.168,104.57,596.0,25.545,max,1,Cold day
535.0,3315.2,277.22,96.243,32.956,107.03,606.2,24.449,max,1,Cold day
537.5,3290.7,283.42,97.668,32.745,109.51,614.6,24.972,max,1,Cold day
540.0,3293.8,296.06,102.121,35.527,112.34,625.0,24.065,max,1,Cold day
542.5,3273.5,305.7,104.792,36.707,115.32,635.2,23.901,max,1,Cold day
545.0,3274.6,314.18,107.737,38.548,118.18,645.7,23.399,max,1,Cold day
547.5,3273.2,318.33,109.115,39.39,121.23,655.3,23.192,max,1,Cold day
550.0,3229.8,331.34,112.069,40.436,124.13,665.5,23.203,max,1,Cold day
552.5,3217.1,334.59,112.723,41.346,126.99,674.1,22.825,max,1,Cold day
555.0,3180.8,338.99,112.912,41.407,129.74,682.2,22.83,max,1,Cold day
557.5,3150.6,342.48,112.994,41.395,132.23,688.7,22.853,max,1,Cold day
560.0,3119.9,344.22,112.462,40.544,134.3,693.7,23.223,max,1,Cold day
562.5,3114.9,345.72,112.771,41.441,136.26,698.2,22.783,max,1,Cold day
565.0,3090.5,341.11,110.394,39.294,137.81,700.5,23.521,max,1,Cold day
567.5,3036.8,339.09,107.833,37.062,138.98,701.7,24.359,max,1,Cold day
570.0,2988.7,337.44,105.612,35.648,139.91,700.8,24.804,max,1,Cold day
572.5,2966.1,331.75,103.046,33.672,140.23,698.9,25.621,max,1,Cold day
575.0,2918.4,324.11,99.054,31.256,140.23,694.7,26.532,max,1,Cold day
577.5,2892.3,316.06,95.73,28.442,139.85,688.5,28.178,max,1,Cold day
580.0,2849.9,306.98,91.615,26.435,139.02,682.3,29.015,max,1,Cold day
582.5,2813.0,299.23,88.148,24.94,137.84,673.9,29.59,max,1,Cold day
585.0,2780.3,291.88,84.98,23.587,136.48,666.0,30.164,max,1,Cold day
587.5,2733.6,277.22,79.357,20.781,134.48,655.9,31.971,max,1,Cold day
590.0,2701.8,272.07,76.98,20.23,132.4,644.7,31.857,max,1,Cold day
592.5,2656.9,260.48,72.474,18.711,129.93,633.0,32.427,max,1,Cold day
595.0,2639.9,247.94,68.543,17.431,127.31,621.1,32.921,max,1,Cold day
597.5,2602.6,240.95,65.669,16.565,124.22,609.2,33.19,max,1,Cold day
0.0,991.9,34.62,3.596,2.627,43.52,355.0,11.459,idle,2,Hot day
2.5,1012.5,33.88,3.592,2.648,43.33,354.9,11.354,idle,2,Hot day
5.0,1003.1,35.75,3.755,2.736,43.1,354.6,11.49,idle,2,Hot day
7.5,1008.6,31.9,3.37,2.481,42.77,354.0,11.374,idle,2,Hot day
10.0,998.7,32.83,3.433,2.514,42.53,352.7,11.435,idle,2,Hot day
12.5,1003.3,27.25,2.864,2.122,42.38,351.8,11.3,idle,2,Hot day
15.0,989.0,25.33,2.623,2.018,42.21,351.1,10.881,idle,2,Hot day
17.5,991.5,29.68,3.082,2.347,42.01,350.4,10.993,idle,2,Hot day
20.0,991.9,28.44,2.954,2.17,41.85,350.1,11.393,idle,2,Hot day
22.5,979.9,25.13,2.578,2.061,41.61,349.0,10.473,idle,2,Hot day
25.0,967.5,23.17,2.347,1.843,41.28,349.3,10.664,idle,2,Hot day
27.5,953.0,21.68,2.164,1.618,41.19,349.9,11.193,idle,2,Hot day
30.0,956.7,18.65,1.869,1.593,40.98,348.6,9.823,idle,2,Hot day
32.5,949.0,21.86,2.173,1.731,41.02,348.2,10.507,idle,2,Hot day
35.0,932.9,18.96,1.853,1.443,40.71,347.3,10.746,idle,2,Hot day
37.5,917.3,17.64,1.694,1.429,40.47,347.3,9.93,idle,2,Hot day
40.0,919.6,16.51,1.59,1.191,40.32,346.7,11.177,idle,2,Hot day
42.5,927.8,17.14,1.665,1.441,40.09,346.1,9.678,idle,2,Hot day
45.0,888.6,15.52,1.445,1.134,39.74,345.2,10.664,idle,2,Hot day
47.5,883.6,15.66,1.449,1.135,39.46,344.7,10.684,idle,2,Hot day
50.0,872.7,11.68,1.067,0.866,39.26,343.3,10.321,idle,2,Hot day
52.5,831.9,15.09,1.314,1.109,39.12,343.3,9.92,idle,2,Hot day
55.0,847.8,18.69,1.659,1.353,39.0,342.7,10.268,idle,2,Hot day
57.5,828.7,13.71,1.19,1.031,38.94,342.6,9.664,idle,2,Hot day
60.0,839.3,15.11,1.328,1.084,38.89,342.4,10.259,idle,2,Hot day
62.5,813.0,17.95,1.528,1.325,38.81,343.0,9.658,idle,2,Hot day
65.0,798.4,19.02,1.591,1.347,38.72,342.8,9.884,idle,2,Hot day
67.5,795.4,19.44,1.619,1.321,38.61,343.3,10.264,idle,2,Hot day
70.0,791.3,16.15,1.338,1.177,38.55,342.3,9.52,idle,2,Hot day
72.5,776.8,21.67,1.763,1.499,38.59,342.7,9.844,idle,2,Hot day
75.0,775.6,19.65,1.596,1.344,38.52,342.5,9.94,idle,2,Hot day
77.5,757.2,21.75,1.724,1.524,38.51,342.6,9.472,idle,2,Hot day
80.0,764.0,25.88,2.071,1.672,38.47,342.8,10.369,idle,2,Hot day
82.5,770.5,25.56,2.062,1.703,38.33,343.5,10.141,idle,2,Hot day
85.0,780.0,29.09,2.376,2.045,38.28,342.6,9.729,idle,2,Hot day
87.5,766.0,35.01,2.808,2.287,38.46,343.4,10.282,idle,2,Hot day
90.0,879.2,48.99,4.511,3.399,38.82,344.2,11.112,cruise,2,Hot day
92.5,995.4,66.48,6.93,4.609,39.58,348.0,12.589,cruise,2,Hot day
95.0,1091.9,79.6,9.102,5.386,40.42,350.7,14.15,cruise,2,Hot day
97.5,1188.9,95.12,11.843,6.371,41.63,355.4,15.563,cruise,2,Hot day
100.0,1267.2,107.87,14.314,6.833,43.11,360.5,17.54,cruise,2,Hot day
102.5,1333.9,121.01,16.903,7.646,44.78,368.6,18.51,cruise,2,Hot day
105.0,1411.8,130.41,19.281,7.899,46.48,375.2,20.434,cruise,2,Hot day
107.5,1481.3,140.2,21.749,8.465,48.41,383.2,21.51,cruise,2,Hot day
110.0,1549.6,148.44,24.087,8.745,50.53,391.2,23.06,cruise,2,Hot day
112.5,1612.7,152.62,25.775,9.142,52.58,398.3,23.604,cruise,2,Hot day
115.0,1664.7,156.02,27.199,9.335,54.81,406.1,24.392,cruise,2,Hot day
117.5,1711.0,158.93,28.476,9.587,57.07,414.1,24.868,cruise,2,Hot day
120.0,1783.0,163.99,30.619,9.701,59.3,421.9,26.426,cruise,2,Hot day
122.5,1825.3,163.39,31.231,9.722,61.66,429.5,26.895,cruise,2,Hot day
125.0,1900.4,164.4,32.716,9.795,63.81,436.2,27.964,cruise,2,Hot day
127.5,1952.2,162.55,33.232,9.939,65.86,442.4,27.992,cruise,2,Hot day
130.0,1986.2,157.1,32.676,9.935,67.67,447.1,27.534,cruise,2,Hot day
132.5,2059.0,155.81,33.594,10.14,69.42,452.1,27.738,cruise,2,Hot day
135.0,2108.1,147.81,32.631,9.921,71.0,456.7,27.536,cruise,2,Hot day
137.5,2145.9,151.2,33.977,10.219,72.6,460.5,27.837,cruise,2,Hot day
140.0,2205.1,144.86,33.451,10.017,74.16,463.4,27.957,cruise,2,Hot day
142.5,2248.6,137.93,32.479,9.96,75.37,464.6,27.301,cruise,2,Hot day
145.0,2257.1,132.14,31.232,9.956,76.3,464.9,26.262,cruise,2,Hot day
147.5,2316.5,131.69,31.946,10.157,77.19,466.8,26.331,cruise,2,Hot day
150.0,2345.1,124.14,30.487,9.722,77.69,466.0,26.254,cruise,2,Hot day
152.5,2376.9,123.89,30.838,9.966,78.33,465.7,25.907,cruise,2,Hot day
155.0,2411.4,125.22,31.62,10.243,78.95,466.4,25.845,cruise,2,Hot day
157.5,2421.4,122.93,31.171,10.021,79.63,466.5,26.042,cruise,2,Hot day
160.0,2446.3,121.69,31.174,10.268,80.17,468.0,25.418,cruise,2,Hot day
162.5,2464.7,125.34,32.351,10.513,80.98,467.5,25.763,cruise,2,Hot day
165.0,2483.1,123.02,31.987,10.522,81.58,468.4,25.452,cruise,2,Hot day
167.5,2504.2,128.19,33.617,11.066,82.37,470.5,25.434,cruise,2,Hot day
170.0,2502.2,130.0,34.063,10.781,83.09,471.4,26.452,cruise,2,Hot day
172.5,2514.6,133.46,35.144,11.269,83.89,473.2,26.11,cruise,2,Hot day
175.0,2536.2,140.97,37.439,11.655,84.97,476.8,26.894,cruise,2,Hot day
177.5,2531.9,143.58,38.067,11.77,86.08,481.0,27.077,cruise,2,Hot day
180.0,2535.5,155.42,41.267,12.14,87.36,485.1,28.46,cruise,2,Hot day
182.5,2509.0,156.92,41.229,12.145,88.65,488.2,28.422,cruise,2,Hot day
185.0,2513.3,168.84,44.437,12.703,90.47,494.4,29.286,cruise,2,Hot day
187.5,2506.1,169.6,44.51,12.916,91.89,500.1,28.851,cruise,2,Hot day
190.0,2499.9,179.96,47.11,13.151,93.52,505.4,29.99,cruise,2,Hot day
192.5,2479.0,183.19,47.557,13.355,95.04,509.2,29.814,cruise,2,Hot day
195.0,2477.2,189.51,49.162,13.415,96.57,515.6,30.68,cruise,2,Hot day
197.5,2448.2,198.74,50.951,13.683,98.47,521.2,31.175,cruise,2,Hot day
200.0,2427.8,205.5,52.246,13.956,100.28,527.6,31.343,cruise,2,Hot day
202.5,2404.9,206.71,52.057,13.606,101.95,532.2,32.032,cruise,2,Hot day
205.0,2387.5,216.02,54.008,14.201,103.89,537.1,31.84,cruise,2,Hot day
207.5,2350.0,215.64,53.068,13.942,105.61,540.7,31.868,cruise,2,Hot day
210.0,2339.2,220.22,53.945,14.194,106.98,545.5,31.818,cruise,2,Hot day
212.5,2305.0,222.51,53.708,14.17,108.4,549.3,31.732,cruise,2,Hot day
215.0,2273.8,223.76,53.281,13.916,109.61,550.2,32.055,cruise,2,Hot day
217.5,2244.3,218.83,51.429,13.472,110.46,550.5,31.961,cruise,2,Hot day
220.0,2220.6,224.54,52.215,13.983,111.34,552.8,31.264,cruise,2,Hot day
222.5,2197.3,220.36,50.705,13.332,111.92,552.6,31.84,cruise,2,Hot day
225.0,2168.8,215.41,48.924,13.011,112.36,550.6,31.481,cruise,2,Hot day
227.5,2136.1,210.4,47.064,12.567,112.43,548.6,31.354,cruise,2,Hot day
230.0,2115.0,204.48,45.288,12.259,112.24,545.6,30.928,cruise,2,Hot day
232.5,2082.5,199.89,43.593,12.132,111.92,542.1,30.083,cruise,2,Hot day
235.0,2070.3,197.9,42.906,11.99,111.51,538.3,29.959,cruise,2,Hot day
237.5,2035.7,189.88,40.478,11.183,110.77,533.7,30.303,cruise,2,Hot day
240.0,1995.1,181.74,37.97,10.904,109.74,528.1,29.153,cruise,2,Hot day
242.5,2011.1,176.21,37.111,10.92,108.82,523.2,28.452,cruise,2,Hot day
245.0,1982.9,173.61,36.051,10.54,107.71,517.7,28.636,cruise,2,Hot day
247.5,1956.5,163.15,33.425,10.151,106.29,511.6,27.567,cruise,2,Hot day
250.0,1954.9,156.2,31.977,10.054,104.72,505.6,26.627,cruise,2,Hot day
252.5,1939.3,153.99,31.274,9.986,103.23,501.0,26.221,cruise,2,Hot day
255.0,1963.0,146.64,30.143,9.693,101.64,495.7,26.036,cruise,2,Hot day
257.5,1943.5,140.83,28.661,9.228,100.1,490.0,26.003,cruise,2,Hot day
260.0,1922.0,135.26,27.223,9.007,98.5,484.6,25.303,cruise,2,Hot day
262.5,1944.9,129.9,26.457,8.88,96.71,479.4,24.945,cruise,2,Hot day
265.0,1940.0,128.06,26.016,8.742,95.2,475.2,24.914,cruise,2,Hot day
267.5,1970.3,127.76,26.36,8.767,93.92,471.4,25.174,cruise,2,Hot day
270.0,1950.3,127.55,26.051,9.005,92.66,468.8,24.221,cruise,2,Hot day
272.5,1950.6,128.95,26.339,8.862,91.42,466.5,24.884,cruise,2,Hot day
275.0,1988.3,130.55,27.182,9.068,90.61,464.2,25.096,cruise,2,Hot day
277.5,2001.0,132.04,27.668,9.2,89.74,462.4,25.178,cruise,2,Hot day
280.0,2019.3,135.08,28.564,9.287,89.01,462.2,25.749,cruise,2,Hot day
282.5,2022.9,136.51,28.919,9.305,88.4,462.1,26.019,cruise,2,Hot day
285.0,2071.3,138.86,30.119,9.542,88.09,462.3,26.427,cruise,2,Hot day
287.5,2108.1,147.43,32.546,10.11,88.23,463.3,26.952,cruise,2,Hot day
290.0,2098.0,152.42,33.486,10.16,88.49,464.5,27.594,cruise,2,Hot day
292.5,2155.6,159.31,35.963,10.344,88.97,468.5,29.107,cruise,2,Hot day
295.0,2166.0,166.67,37.804,11.01,89.52,473.2,28.748,cruise,2,Hot day
297.5,2223.7,171.5,39.937,11.507,90.36,478.7,29.058,cruise,2,Hot day
300.0,2262.5,183.45,43.467,11.952,91.57,484.4,30.447,climb,2,Hot day
302.5,2312.4,196.89,47.676,12.77,93.31,493.3,31.257,climb,2,Hot day
305.0,2379.3,208.3,51.9,13.737,95.31,502.6,31.631,climb,2,Hot day
307.5,2425.4,217.17,55.157,14.743,97.77,513.2,31.323,climb,2,Hot day
310.0,2463.8,229.16,59.125,15.451,100.6,524.8,32.037,climb,2,Hot day
312.5,2524.1,236.54,62.522,16.707,103.57,536.1,31.33,climb,2,Hot day
315.0,2556.6,242.76,64.993,17.52,106.69,547.4,31.058,climb,2,Hot day
317.5,2585.9,251.59,68.131,18.425,109.85,558.2,30.958,climb,2,Hot day
320.0,2663.5,260.79,72.738,20.001,113.3,571.0,30.447,climb,2,Hot day
322.5,2676.1,259.91,72.838,19.907,116.57,581.4,30.633,climb,2,Hot day
325.0,2706.9,266.52,75.548,20.948,120.11,593.3,30.193,climb,2,Hot day
327.5,2746.6,268.52,77.233,21.824,123.58,604.4,29.628,climb,2,Hot day
330.0,2754.5,269.01,77.597,21.776,126.67,614.5,29.834,climb,2,Hot day
332.5,2780.2,263.31,76.661,21.723,129.56,622.1,29.545,climb,2,Hot day
335.0,2808.9,266.68,78.443,22.312,132.3,629.2,29.434,climb,2,Hot day
337.5,2825.4,259.4,76.75,22.313,134.77,634.7,28.798,climb,2,Hot day
340.0,2844.4,254.12,75.693,22.096,136.81,638.2,28.68,climb,2,Hot day
342.5,2864.5,248.67,74.595,21.333,138.45,641.1,29.275,climb,2,Hot day
345.0,2854.6,244.03,72.951,21.223,139.86,642.4,28.777,climb,2,Hot day
347.5,2866.9,235.98,70.847,20.438,140.73,641.3,29.021,climb,2,Hot day
350.0,2867.1,228.09,68.482,19.732,141.21,639.4,29.057,climb,2,Hot day
352.5,2846.0,223.26,66.54,19.14,141.34,636.6,29.105,climb,2,Hot day
355.0,2851.6,211.37,63.121,18.318,141.17,631.8,28.849,climb,2,Hot day
357.5,2829.3,202.9,60.116,17.129,140.59,626.6,29.382,climb,2,Hot day
360.0,2835.7,198.98,59.086,17.659,139.92,621.9,28.013,climb,2,Hot day
362.5,2813.1,191.6,56.441,16.319,138.93,615.0,28.955,climb,2,Hot day
365.0,2789.5,185.73,54.257,15.495,137.9,607.7,29.316,climb,2,Hot day
367.5,2754.4,175.47,50.613,14.934,136.3,598.0,28.374,climb,2,Hot day
370.0,2745.1,174.69,50.218,14.811,134.74,590.8,28.386,climb,2,Hot day
372.5,2710.5,169.36,48.072,14.105,133.21,583.1,28.533,climb,2,Hot day
375.0,2697.7,168.84,47.698,13.81,131.78,575.3,28.917,climb,2,Hot day
377.5,2660.4,160.87,44.817,13.543,129.97,568.3,27.705,climb,2,Hot day
380.0,2623.3,163.01,44.781,13.181,128.11,562.5,28.443,climb,2,Hot day
382.5,2609.5,162.43,44.386,13.089,126.45,556.5,28.389,climb,2,Hot day
385.0,2575.7,161.4,43.533,12.701,124.93,551.1,28.696,climb,2,Hot day
387.5,2530.5,165.91,43.963,12.66,123.53,546.4,29.072,climb,2,Hot day
390.0,2515.9,173.46,45.7,12.851,122.62,544.6,29.771,climb,2,Hot day
392.5,2469.3,175.17,45.297,12.774,121.44,541.4,29.687,climb,2,Hot day
395.0,2437.9,180.51,46.082,12.769,120.67,539.9,30.213,climb,2,Hot day
397.5,2411.6,190.35,48.072,13.17,120.09,541.3,30.558,climb,2,Hot day
400.0,2373.4,197.95,49.197,13.316,119.89,542.1,30.932,climb,2,Hot day
402.5,2348.3,205.83,50.618,13.504,119.76,543.9,31.382,climb,2,Hot day
405.0,2324.6,210.56,51.255,13.616,119.83,545.4,31.515,climb,2,Hot day
407.5,2316.7,220.51,53.497,14.256,120.03,547.6,31.418,climb,2,Hot day
410.0,2293.7,231.22,55.538,14.383,120.41,551.5,32.328,climb,2,Hot day
412.5,2255.7,236.24,55.805,14.71,120.82,555.2,31.76,climb,2,Hot day
415.0,2256.4,244.16,57.692,15.411,121.5,558.7,31.341,climb,2,Hot day
417.5,2224.4,254.95,59.388,15.618,122.31,563.6,31.834,climb,2,Hot day
420.0,2215.9,263.43,61.13,16.494,123.49,569.4,31.029,climb,2,Hot day
422.5,2211.1,264.26,61.188,16.332,124.6,574.3,31.365,climb,2,Hot day
425.0,2198.2,266.73,61.401,16.537,125.55,576.9,31.085,climb,2,Hot day
427.5,2215.5,273.4,63.429,17.15,126.57,580.9,30.964,climb,2,Hot day
430.0,2192.8,277.55,63.734,17.387,127.63,584.1,30.689,climb,2,Hot day
432.5,2180.5,281.43,64.262,17.792,128.62,588.7,30.238,climb,2,Hot day
435.0,2210.6,283.87,65.715,18.1,129.93,593.4,30.397,climb,2,Hot day
437.5,2201.5,282.07,65.028,17.529,130.93,596.9,31.059,climb,2,Hot day
440.0,2213.5,279.47,64.782,18.115,131.84,598.8,29.94,climb,2,Hot day
442.5,2200.4,278.52,64.179,17.538,132.51,599.8,30.637,climb,2,Hot day
445.0,2256.9,272.5,64.402,17.306,133.0,601.6,31.156,climb,2,Hot day
447.5,2274.1,269.5,64.178,17.411,133.54,603.0,30.859,climb,2,Hot day
450.0,2317.3,265.86,64.517,17.455,134.05,603.8,30.945,max,2,Hot day
452.5,2363.0,268.75,66.504,17.448,134.93,606.4,31.911,max,2,Hot day
455.0,2414.5,260.12,65.771,17.542,135.61,608.4,31.389,max,2,Hot day
457.5,2441.9,250.96,64.174,16.64,135.94,608.9,32.288,max,2,Hot day
460.0,2496.8,244.02,63.803,16.809,136.23,608.2,31.778,max,2,Hot day
462.5,2525.3,237.97,62.932,16.684,136.57,606.5,31.58,max,2,Hot day
465.0,2574.6,228.06,61.488,16.361,136.46,605.2,31.464,max,2,Hot day
467.5,2633.9,222.28,61.311,16.491,136.33,604.2,31.126,max,2,Hot day
470.0,2672.2,214.76,60.097,16.277,136.12,602.4,30.911,max,2,Hot day
472.5,2699.4,210.81,59.59,16.408,135.82,600.4,30.405,max,2,Hot day
475.0,2759.9,201.49,58.236,16.488,135.38,597.7,29.57,max,2,Hot day
477.5,2797.1,194.76,57.048,16.461,134.92,595.4,29.014,max,2,Hot day
480.0,2832.2,188.5,55.906,16.259,134.46,592.3,28.787,max,2,Hot day
482.5,2884.6,184.66,55.781,16.708,133.68,589.7,27.951,max,2,Hot day
485.0,2914.3,183.82,56.1,17.352,133.18,587.0,27.067,max,2,Hot day
487.5,2938.9,181.66,55.906,17.452,132.69,584.9,26.819,max,2,Hot day
490.0,2977.4,183.75,57.292,17.901,132.42,584.4,26.794,max,2,Hot day
492.5,3037.8,180.91,57.549,18.75,132.19,583.4,25.697,max,2,Hot day
495.0,3033.8,186.27,59.177,19.016,132.18,583.5,26.054,max,2,Hot day
497.5,3077.3,187.92,60.557,19.936,132.48,585.0,25.431,max,2,Hot day
500.0,3104.3,191.87,62.373,20.511,132.85,588.4,25.459,max,2,Hot day
502.5,3124.6,193.47,63.306,20.811,133.35,591.2,25.467,max,2,Hot day
505.0,3122.7,201.56,65.911,21.291,134.17,596.1,25.917,max,2,Hot day
507.5,3145.1,213.18,70.211,22.96,135.5,602.1,25.602,max,2,Hot day
510.0,3159.7,222.81,73.723,23.588,137.15,609.3,26.166,max,2,Hot day
512.5,3172.7,229.34,76.199,25.121,139.12,616.4,25.394,max,2,Hot day
515.0,3161.3,239.79,79.382,25.047,141.25,624.9,26.534,max,2,Hot day
517.5,3155.5,247.02,81.628,26.385,143.52,634.9,25.901,max,2,Hot day
520.0,3173.2,256.71,85.305,28.142,146.07,645.0,25.378,max,2,Hot day
522.5,3166.8,265.6,88.079,29.529,148.7,655.6,24.972,max,2,Hot day
525.0,3148.7,278.0,91.666,31.797,151.6,667.0,24.135,max,2,Hot day
527.5,3125.0,285.34,93.378,31.327,154.47,677.3,24.955,max,2,Hot day
530.0,3118.1,292.1,95.379,32.14,157.5,687.2,24.845,max,2,Hot day
532.5,3095.2,298.97,96.904,32.058,160.4,696.9,25.307,max,2,Hot day
535.0,3079.9,306.79,98.948,34.417,163.3,706.7,24.069,max,2,Hot day
537.5,3033.8,311.27,98.889,32.724,166.09,714.9,25.3,max,2,Hot day
540.0,3020.0,312.68,98.886,33.5,168.68,721.9,24.713,max,2,Hot day
542.5,2987.8,320.2,100.184,33.759,171.02,728.4,24.845,max,2,Hot day
545.0,2947.0,318.37,98.252,33.724,173.24,732.2,24.391,max,2,Hot day
547.5,2927.5,317.6,97.366,32.05,175.02,735.1,25.434,max,2,Hot day
550.0,2891.7,318.91,96.571,31.672,176.53,736.7,25.527,max,2,Hot day
552.5,2852.3,315.05,94.105,29.784,177.71,737.7,26.453,max,2,Hot day
555.0,2824.9,308.62,91.297,28.364,178.33,734.8,26.948,max,2,Hot day
557.5,2771.0,304.48,88.354,27.11,178.44,731.6,27.285,max,2,Hot day
560.0,2748.8,294.83,84.868,24.778,178.36,728.2,28.676,max,2,Hot day
562.5,2718.2,288.31,82.068,23.539,177.6,721.8,29.189,max,2,Hot day
565.0,2681.9,276.92,77.772,21.731,176.43,713.2,29.963,max,2,Hot day
567.5,2655.9,275.11,76.517,21.12,175.28,705.7,30.332,max,2,Hot day
570.0,2600.5,259.68,70.716,18.968,173.27,696.4,31.213,max,2,Hot day
572.5,2566.3,255.39,68.634,18.445,171.24,686.3,31.152,max,2,Hot day
575.0,2554.4,242.87,64.966,17.545,168.94,675.8,31.0,max,2,Hot day
577.5,2529.2,233.22,61.77,16.612,166.6,664.5,31.13,max,2,Hot day
580.0,2520.7,225.77,59.596,15.623,163.83,653.2,31.937,max,2,Hot day
582.5,2483.1,218.18,56.735,14.956,161.0,643.9,31.76,max,2,Hot day
585.0,2448.3,211.06,54.113,14.38,158.11,632.4,31.504,max,2,Hot day
587.5,2448.0,206.42,52.916,14.196,155.24,621.6,31.208,max,2,Hot day
590.0,2417.5,197.62,50.028,13.474,152.1,610.5,31.084,max,2,Hot day
592.5,2400.1,193.81,48.711,13.18,149.19,600.8,30.941,max,2,Hot day
595.0,2433.3,187.2,47.703,13.107,146.35,591.9,30.469,max,2,Hot day
597.5,2406.1,187.47,47.235,13.003,143.71,584.2,30.414,max,2,Hot day
0.0,1020.3,35.04,3.744,2.892,20.23,332.3,10.84,idle,3,Tuned map
2.5,998.1,31.78,3.322,2.593,20.36,332.6,10.725,idle,3,Tuned map
5.0,1010.5,29.24,3.094,2.339,20.44,331.6,11.076,idle,3,Tuned map
7.5,994.0,26.42,2.75,2.273,20.38,329.6,10.129,idle,3,Tuned map
10.0,985.4,23.57,2.432,1.892,20.25,329.6,10.763,idle,3,Tuned map
12.5,963.9,22.94,2.316,1.774,20.01,329.0,10.931,idle,3,Tuned map
15.0,962.8,23.05,2.324,1.852,19.93,328.6,10.503,idle,3,Tuned map
17.5,950.7,18.9,1.882,1.529,19.76,327.8,10.302,idle,3,Tuned map
20.0,946.5,21.11,2.093,1.721,19.64,328.4,10.184,idle,3,Tuned map
22.5,921.0,16.2,1.563,1.366,19.39,327.3,9.576,idle,3,Tuned map
25.0,924.4,13.7,1.327,1.107,19.19,326.5,10.031,idle,3,Tuned map
27.5,913.4,14.52,1.389,1.167,19.0,324.4,9.963,idle,3,Tuned map
30.0,889.3,12.69,1.182,0.998,18.84,323.3,9.918,idle,3,Tuned map
32.5,882.5,12.98,1.199,0.961,18.81,322.3,10.451,idle,3,Tuned map
35.0,868.7,17.9,1.628,1.367,18.72,322.1,9.976,idle,3,Tuned map
37.5,875.1,15.37,1.409,1.198,18.43,322.0,9.843,idle,3,Tuned map
40.0,829.9,16.57,1.44,1.201,18.22,321.3,10.035,idle,3,Tuned map
42.5,841.3,19.01,1.675,1.512,18.01,322.3,9.271,idle,3,Tuned map
45.0,818.3,19.98,1.712,1.547,17.89,321.5,9.264,idle,3,Tuned map
47.5,821.3,17.4,1.497,1.327,17.88,321.1,9.441,idle,3,Tuned map
50.0,825.6,22.18,1.918,1.691,17.91,321.4,9.497,idle,3,Tuned map
52.5,803.1,21.55,1.812,1.549,17.82,320.7,9.794,idle,3,Tuned map
55.0,803.9,22.16,1.866,1.643,17.84,321.2,9.509,idle,3,Tuned map
57.5,788.1,24.5,2.022,1.673,17.77,321.8,10.12,idle,3,Tuned map
60.0,810.9,22.28,1.892,1.57,17.63,321.7,10.092,idle,3,Tuned map
62.5,796.6,25.11,2.095,1.775,17.53,323.0,9.88,idle,3,Tuned map
65.0,795.8,28.01,2.334,2.035,17.51,323.1,9.603,idle,3,Tuned map
67.5,769.3,30.96,2.494,2.116,17.73,323.5,9.866,idle,3,Tuned map
70.0,770.8,30.43,2.457,2.074,17.67,323.0,9.917,idle,3,Tuned map
72.5,792.8,32.27,2.679,2.362,17.88,322.3,9.495,idle,3,Tuned map
75.0,781.4,35.69,2.921,2.456,18.12,322.5,9.958,idle,3,Tuned map
77.5,783.2,37.65,3.088,2.554,18.21,322.9,10.124,idle,3,Tuned map
80.0,792.6,37.27,3.093,2.587,18.3,323.2,10.01,idle,3,Tuned map
82.5,781.1,38.99,3.19,2.566,18.35,324.2,10.409,idle,3,Tuned map
85.0,806.9,36.17,3.056,2.473,18.43,323.1,10.346,idle,3,Tuned map
87.5,805.7,36.67,3.094,2.659,18.58,322.9,9.742,idle,3,Tuned map
90.0,944.1,59.2,5.853,4.266,18.97,324.0,11.484,cruise,3,Tuned map
92.5,1056.8,76.8,8.5,5.61,19.74,328.3,12.685,cruise,3,Tuned map
95.0,1184.7,92.79,11.511,6.442,20.82,332.5,14.959,cruise,3,Tuned map
97.5,1281.2,111.1,14.906,7.575,22.13,338.1,16.475,cruise,3,Tuned map
100.0,1400.1,119.04,17.453,7.761,23.63,343.9,18.827,cruise,3,Tuned map
102.5,1498.2,126.92,19.913,8.192,25.26,351.5,20.35,cruise,3,Tuned map
105.0,1587.2,137.13,22.793,8.549,27.13,358.8,22.322,cruise,3,Tuned map
107.5,1669.5,145.2,25.384,9.006,29.02,366.8,23.597,cruise,3,Tuned map
110.0,1752.4,145.29,26.662,9.197,31.06,373.1,24.272,cruise,3,Tuned map
112.5,1796.5,149.65,28.152,9.029,33.09,381.1,26.104,cruise,3,Tuned map
115.0,1905.3,147.02,29.334,9.226,34.99,388.2,26.618,cruise,3,Tuned map
117.5,1963.7,146.52,30.131,9.113,37.12,394.8,27.681,cruise,3,Tuned map
120.0,2033.1,144.86,30.841,9.236,38.86,401.2,27.957,cruise,3,Tuned map
122.5,2091.2,144.04,31.543,9.269,40.56,406.1,28.49,cruise,3,Tuned map
125.0,2138.3,145.67,32.62,9.297,42.35,411.0,29.374,cruise,3,Tuned map
127.5,2201.3,137.17,31.621,9.254,43.68,415.1,28.607,cruise,3,Tuned map
130.0,2263.9,140.26,33.252,9.403,45.2,419.3,29.605,cruise,3,Tuned map
132.5,2318.5,132.67,32.211,9.539,46.4,421.9,28.271,cruise,3,Tuned map
135.0,2341.2,132.3,32.437,9.352,47.59,424.5,29.037,cruise,3,Tuned map
137.5,2377.7,133.06,33.131,9.593,48.85,426.7,28.915,cruise,3,Tuned map
140.0,2436.8,131.92,33.664,9.72,50.11,429.6,28.996,cruise,3,Tuned map
142.5,2445.1,131.26,33.609,9.707,51.33,432.2,28.989,cruise,3,Tuned map
145.0,2502.4,128.27,33.613,9.75,52.44,433.8,28.863,cruise,3,Tuned map
147.5,2506.1,134.05,35.179,9.864,53.67,437.2,29.859,cruise,3,Tuned map
150.0,2516.8,133.94,35.301,10.261,54.76,438.1,28.803,cruise,3,Tuned map
152.5,2551.8,144.68,38.661,10.629,56.06,441.6,30.451,cruise,3,Tuned map
155.0,2571.3,143.54,38.652,10.748,57.4,445.7,30.108,cruise,3,Tuned map
157.5,2548.8,149.59,39.927,10.697,58.63,448.7,31.25,cruise,3,Tuned map
160.0,2583.9,152.9,41.372,11.15,59.92,451.3,31.064,cruise,3,Tuned map
162.5,2567.1,160.86,43.242,11.303,61.53,456.4,32.029,cruise,3,Tuned map
165.0,2582.9,166.38,45.004,11.697,63.15,461.3,32.213,cruise,3,Tuned map
167.5,2559.2,178.48,47.832,11.979,64.92,465.9,33.429,cruise,3,Tuned map
170.0,2539.0,183.81,48.871,12.078,66.71,471.7,33.876,cruise,3,Tuned map
172.5,2548.6,193.38,51.612,12.711,68.7,477.1,33.995,cruise,3,Tuned map
175.0,2538.9,198.78,52.851,12.868,70.46,482.2,34.387,cruise,3,Tuned map
177.5,2534.1,206.86,54.893,13.411,72.43,488.4,34.269,cruise,3,Tuned map
180.0,2511.5,217.81,57.284,13.669,74.43,494.8,35.085,cruise,3,Tuned map
182.5,2480.3,220.18,57.188,13.58,76.38,499.9,35.256,cruise,3,Tuned map
185.0,2448.1,224.8,57.631,13.85,78.15,504.9,34.837,cruise,3,Tuned map
187.5,2420.9,234.76,59.514,14.104,80.19,509.8,35.328,cruise,3,Tuned map
190.0,2397.3,236.37,59.339,14.49,81.97,514.6,34.286,cruise,3,Tuned map
192.5,2365.1,241.54,59.822,14.648,83.53,518.8,34.192,cruise,3,Tuned map
195.0,2342.9,247.01,60.603,14.853,85.14,523.3,34.161,cruise,3,Tuned map
197.5,2292.0,245.25,58.865,14.424,86.3,525.5,34.167,cruise,3,Tuned map
200.0,2290.7,249.26,59.794,14.616,87.6,527.3,34.25,cruise,3,Tuned map
202.5,2260.2,245.66,58.145,14.287,88.65,527.9,34.073,cruise,3,Tuned map
205.0,2257.9,248.44,58.744,14.457,89.65,529.4,34.02,cruise,3,Tuned map
207.5,2212.2,245.5,56.873,14.023,90.15,530.7,33.956,cruise,3,Tuned map
210.0,2173.0,238.3,54.227,13.623,90.45,529.8,33.326,cruise,3,Tuned map
212.5,2157.7,234.3,52.941,13.449,90.66,527.5,32.956,cruise,3,Tuned map
215.0,2115.3,227.72,50.444,12.985,90.54,525.0,32.524,cruise,3,Tuned map
217.5,2098.6,223.74,49.171,12.355,90.36,520.9,33.319,cruise,3,Tuned map
220.0,2064.8,219.01,47.355,12.568,89.75,517.7,31.546,cruise,3,Tuned map
222.5,2078.6,206.74,45.001,11.76,89.08,512.8,32.037,cruise,3,Tuned map
225.0,2053.0,204.1,43.879,11.421,88.22,508.7,32.164,cruise,3,Tuned map
227.5,2020.5,192.09,40.644,10.968,87.14,503.2,31.023,cruise,3,Tuned map
230.0,2019.2,185.51,39.226,10.843,85.99,497.2,30.288,cruise,3,Tuned map
232.5,2019.3,176.31,37.284,10.4,84.74,491.4,30.014,cruise,3,Tuned map
235.0,2007.4,177.07,37.223,10.323,83.46,485.6,30.188,cruise,3,Tuned map
237.5,2001.7,166.41,34.882,9.887,82.08,479.9,29.538,cruise,3,Tuned map
240.0,1987.3,160.81,33.466,9.882,80.52,474.9,28.354,cruise,3,Tuned map
242.5,1990.4,153.71,32.039,9.461,78.89,471.7,28.35,cruise,3,Tuned map
245.0,2001.3,152.77,32.017,9.493,77.57,466.9,28.237,cruise,3,Tuned map
247.5,2015.8,142.92,30.17,9.077,76.09,461.4,27.828,cruise,3,Tuned map
250.0,2007.3,144.66,30.409,9.1,74.6,456.2,27.978,cruise,3,Tuned map
252.5,2015.9,147.55,31.149,9.386,73.39,453.5,27.784,cruise,3,Tuned map
255.0,2052.6,141.97,30.517,9.349,72.29,449.1,27.327,cruise,3,Tuned map
257.5,2048.3,143.45,30.77,9.21,71.46,446.1,27.97,cruise,3,Tuned map
260.0,2087.1,146.51,32.021,9.244,70.78,445.0,29.0,cruise,3,Tuned map
262.5,2099.5,146.32,32.171,9.363,70.16,443.1,28.765,cruise,3,Tuned map
265.0,2128.6,151.75,33.827,9.653,69.53,444.2,29.339,cruise,3,Tuned map
267.5,2161.7,158.29,35.832,9.74,69.35,445.9,30.798,cruise,3,Tuned map
270.0,2177.0,162.22,36.984,10.254,69.37,447.1,30.197,cruise,3,Tuned map
272.5,2205.1,168.74,38.966,10.361,69.62,449.2,31.484,cruise,3,Tuned map
275.0,2216.5,174.03,40.395,10.736,70.01,451.4,31.499,cruise,3,Tuned map
277.5,2247.8,182.53,42.966,11.084,70.62,454.6,32.455,cruise,3,Tuned map
280.0,2290.9,189.47,45.453,11.483,71.65,459.9,33.141,cruise,3,Tuned map
282.5,2329.8,199.86,48.76,11.905,72.97,466.4,34.291,cruise,3,Tuned map
285.0,2358.4,205.97,50.869,12.549,74.27,473.0,33.938,cruise,3,Tuned map
287.5,2397.5,211.44,53.085,12.919,75.65,479.8,34.4,cruise,3,Tuned map
290.0,2406.9,214.11,53.966,13.214,77.31,485.6,34.191,cruise,3,Tuned map
292.5,2434.6,227.04,57.884,13.791,79.04,493.3,35.139,cruise,3,Tuned map
295.0,2470.4,233.13,60.311,14.434,81.09,500.2,34.981,cruise,3,Tuned map
297.5,2487.2,235.07,61.226,14.53,83.15,507.4,35.277,cruise,3,Tuned map
300.0,2544.3,243.79,64.956,15.614,85.21,516.6,34.828,climb,3,Tuned map
302.5,2588.2,254.99,69.11,16.617,87.71,526.7,34.82,climb,3,Tuned map
305.0,2657.9,267.11,74.345,17.928,90.56,537.1,34.718,climb,3,Tuned map
307.5,2682.3,269.54,75.71,18.543,93.42,546.9,34.182,climb,3,Tuned map
310.0,2738.7,275.55,79.027,19.5,96.43,558.1,33.929,climb,3,Tuned map
312.5,2755.6,280.08,80.82,20.145,99.56,569.0,33.587,climb,3,Tuned map
315.0,2812.6,283.63,83.538,21.313,102.63,577.7,32.815,climb,3,Tuned map
317.5,2818.7,281.12,82.979,21.339,105.33,585.5,32.556,climb,3,Tuned map
320.0,2860.4,279.43,83.701,21.151,108.01,593.0,33.131,climb,3,Tuned map
322.5,2854.8,275.6,82.392,20.828,110.18,599.1,33.118,climb,3,Tuned map
325.0,2880.7,275.76,83.186,21.0,112.27,603.6,33.164,climb,3,Tuned map
327.5,2907.0,269.3,81.981,21.222,114.3,607.6,32.342,climb,3,Tuned map
330.0,2893.2,260.69,78.984,20.119,115.52,608.7,32.868,climb,3,Tuned map
332.5,2903.9,251.04,76.34,19.441,116.36,609.7,32.875,climb,3,Tuned map
335.0,2896.6,244.62,74.2,18.591,116.94,608.2,33.415,climb,3,Tuned map
337.5,2872.7,239.36,72.006,17.614,117.11,605.3,34.225,climb,3,Tuned map
340.0,2889.8,228.59,69.176,17.067,116.84,601.1,33.935,climb,3,Tuned map
342.5,2878.5,223.71,67.434,16.707,116.68,597.4,33.792,climb,3,Tuned map
345.0,2847.5,214.79,64.047,15.816,115.97,592.1,33.902,climb,3,Tuned map
347.5,2845.7,207.24,61.758,15.26,115.06,585.2,33.883,climb,3,Tuned map
350.0,2810.8,201.18,59.217,14.769,113.95,578.6,33.569,climb,3,Tuned map
352.5,2785.2,194.88,56.84,14.143,112.59,570.8,33.648,climb,3,Tuned map
355.0,2769.5,187.14,54.274,13.667,111.03,563.0,33.247,climb,3,Tuned map
357.5,2735.1,184.23,52.766,13.576,109.54,555.2,32.541,climb,3,Tuned map
360.0,2735.7,186.76,53.505,13.481,108.46,548.9,33.228,climb,3,Tuned map
362.5,2666.9,178.12,49.745,12.449,106.88,541.9,33.454,climb,3,Tuned map
365.0,2658.6,179.33,49.928,12.655,105.44,535.8,33.03,climb,3,Tuned map
367.5,2629.2,183.47,50.516,12.649,103.97,531.9,33.435,climb,3,Tuned map
370.0,2567.4,183.38,49.303,12.373,102.62,528.0,33.361,climb,3,Tuned map
372.5,2537.7,185.7,49.35,12.318,101.27,524.1,33.541,climb,3,Tuned map
375.0,2528.8,189.51,50.184,12.271,100.31,520.8,34.239,climb,3,Tuned map
377.5,2487.1,199.16,51.872,12.675,99.53,520.0,34.262,climb,3,Tuned map
380.0,2465.5,207.06,53.459,13.044,99.03,518.6,34.311,climb,3,Tuned map
382.5,2444.0,215.6,55.18,13.632,98.75,518.5,33.888,climb,3,Tuned map
385.0,2401.2,221.4,55.673,13.457,98.51,520.2,34.635,climb,3,Tuned map
387.5,2368.4,232.41,57.642,14.113,98.43,522.8,34.195,climb,3,Tuned map
390.0,2327.8,237.63,57.928,14.249,98.59,525.3,34.037,climb,3,Tuned map
392.5,2335.4,249.58,61.039,14.712,98.91,528.5,34.734,climb,3,Tuned map
395.0,2304.7,257.41,62.126,15.139,99.35,531.3,34.358,climb,3,Tuned map
397.5,2300.3,268.41,64.659,16.321,100.14,535.5,33.169,climb,3,Tuned map
400.0,2285.4,278.46,66.645,16.683,101.06,540.9,33.445,climb,3,Tuned map
402.5,2258.1,287.41,67.962,17.427,102.16,545.4,32.65,climb,3,Tuned map
405.0,2280.9,290.85,69.47,18.059,103.41,550.1,32.207,climb,3,Tuned map
407.5,2269.2,302.02,71.768,18.887,104.76,555.1,31.813,climb,3,Tuned map
410.0,2264.7,304.14,72.13,19.533,106.04,559.6,30.916,climb,3,Tuned map
412.5,2245.3,307.5,72.301,19.744,107.22,564.8,30.659,climb,3,Tuned map
415.0,2257.1,312.42,73.845,20.428,108.57,569.8,30.263,climb,3,Tuned map
417.5,2262.8,311.74,73.871,20.308,109.55,573.1,30.453,climb,3,Tuned map
420.0,2274.3,315.24,75.078,20.392,110.81,576.7,30.824,climb,3,Tuned map
422.5,2280.3,315.01,75.221,20.843,111.85,580.1,30.214,climb,3,Tuned map
425.0,2311.8,311.89,75.505,20.589,112.82,583.9,30.702,climb,3,Tuned map
427.5,2328.3,309.93,75.567,20.404,113.84,586.0,31.007,climb,3,Tuned map
430.0,2350.8,303.57,74.732,19.574,114.64,588.0,31.963,climb,3,Tuned map
432.5,2365.6,298.42,73.926,19.189,115.38,588.0,32.253,climb,3,Tuned map
435.0,2409.2,288.74,72.846,18.238,115.98,588.0,33.44,climb,3,Tuned map
437.5,2425.8,284.04,72.152,18.136,116.12,588.5,33.308,climb,3,Tuned map
440.0,2425.8,273.86,69.57,17.295,116.17,587.8,33.678,climb,3,Tuned map
442.5,2477.6,265.74,68.946,16.786,116.33,585.6,34.387,climb,3,Tuned map
445.0,2515.4,257.16,67.739,16.257,116.23,583.3,34.883,climb,3,Tuned map
447.5,2558.5,248.27,66.517,16.0,116.06,581.6,34.807,climb,3,Tuned map
450.0,2604.2,238.21,64.962,15.434,115.58,578.5,35.239,max,3,Tuned map
452.5,2661.6,231.68,64.576,15.195,114.96,575.6,35.581,max,3,Tuned map
455.0,2712.7,227.48,64.622,15.61,114.41,573.8,34.658,max,3,Tuned map
457.5,2779.5,222.52,64.768,15.735,114.11,572.1,34.461,max,3,Tuned map
460.0,2819.9,216.23,63.851,15.5,113.74,570.7,34.487,max,3,Tuned map
462.5,2867.7,211.9,63.633,15.931,113.22,569.2,33.441,max,3,Tuned map
465.0,2913.4,208.18,63.512,16.16,112.77,567.1,32.905,max,3,Tuned map
467.5,2970.9,203.06,63.175,16.458,112.36,565.3,32.137,max,3,Tuned map
470.0,3001.8,199.69,62.773,16.346,111.75,563.6,32.152,max,3,Tuned map
472.5,3029.3,196.6,62.367,16.432,111.27,561.2,31.775,max,3,Tuned map
475.0,3088.2,197.05,63.723,17.238,111.18,560.1,30.948,max,3,Tuned map
477.5,3107.6,199.66,64.975,17.614,111.3,561.1,30.883,max,3,Tuned map
480.0,3147.4,204.18,67.295,18.217,111.46,561.7,30.928,max,3,Tuned map
482.5,3173.3,208.48,69.281,18.95,112.03,564.9,30.608,max,3,Tuned map
485.0,3203.7,213.75,71.711,20.243,112.61,568.6,29.658,max,3,Tuned map
487.5,3220.5,220.34,74.308,20.757,113.42,573.0,29.972,max,3,Tuned map
490.0,3218.9,229.88,77.49,21.535,114.4,578.9,30.126,max,3,Tuned map
492.5,3233.8,237.96,80.583,22.403,115.97,585.7,30.114,max,3,Tuned map
495.0,3229.5,247.83,83.813,23.54,117.66,593.7,29.809,max,3,Tuned map
497.5,3262.3,258.12,88.181,25.426,120.0,602.1,29.035,max,3,Tuned map
500.0,3249.3,267.07,90.874,26.213,122.26,610.9,29.024,max,3,Tuned map
502.5,3254.4,276.94,94.38,28.026,124.75,620.3,28.194,max,3,Tuned map
505.0,3229.3,290.78,98.331,28.996,127.3,631.9,28.391,max,3,Tuned map
507.5,3200.4,301.18,100.938,30.213,130.28,642.7,27.97,max,3,Tuned map
510.0,3221.3,309.99,104.571,31.894,133.26,652.8,27.449,max,3,Tuned map
512.5,3188.8,319.03,106.534,33.373,136.26,662.8,26.726,max,3,Tuned map
515.0,3168.1,333.0,110.476,35.574,139.27,673.4,26.0,max,3,Tuned map
517.5,3143.4,334.48,110.104,35.503,142.31,682.7,25.964,max,3,Tuned map
520.0,3122.9,341.95,111.828,36.752,145.31,691.6,25.475,max,3,Tuned map
522.5,3093.0,348.02,112.721,36.697,148.02,701.0,25.717,max,3,Tuned map
525.0,3041.0,348.87,111.098,36.147,150.39,705.5,25.732,max,3,Tuned map
527.5,3035.2,353.64,112.404,36.787,152.76,711.9,25.581,max,3,Tuned map
530.0,2985.1,357.72,111.821,37.33,154.92,716.5,25.079,max,3,Tuned map
532.5,2950.6,355.18,109.745,35.415,156.58,718.7,25.944,max,3,Tuned map
535.0,2936.6,352.26,108.328,35.15,158.1,720.0,25.801,max,3,Tuned map
537.5,2892.1,348.41,105.521,32.91,158.98,719.3,26.844,max,3,Tuned map
540.0,2843.0,342.3,101.908,30.751,159.33,717.0,27.745,max,3,Tuned map
542.5,2791.4,337.58,98.678,28.676,159.29,713.7,28.81,max,3,Tuned map
545.0,2775.6,327.79,95.277,26.838,158.65,707.5,29.721,max,3,Tuned map
547.5,2744.3,318.72,91.594,25.067,157.81,701.8,30.591,max,3,Tuned map
550.0,2704.0,310.43,87.903,23.167,156.77,693.8,31.766,max,3,Tuned map
552.5,2659.8,302.08,84.139,21.759,155.3,686.0,32.374,max,3,Tuned map
555.0,2633.4,290.56,80.129,20.109,153.37,676.5,33.361,max,3,Tuned map
557.5,2599.8,280.69,76.418,18.771,151.28,666.7,34.084,max,3,Tuned map
560.0,2587.8,264.75,71.745,17.365,148.58,655.3,34.589,max,3,Tuned map
562.5,2569.6,260.88,70.198,16.952,146.08,645.1,34.669,max,3,Tuned map
565.0,2550.0,253.31,67.643,16.147,143.56,634.3,35.071,max,3,Tuned map
567.5,2513.7,242.09,63.725,15.237,140.8,622.3,35.013,max,3,Tuned map
570.0,2507.6,230.41,60.504,14.363,137.74,611.2,35.267,max,3,Tuned map
572.5,2498.2,221.98,58.073,13.743,134.81,600.4,35.377,max,3,Tuned map
575.0,2478.2,218.03,56.582,13.46,132.02,591.2,35.195,max,3,Tuned map
577.5,2475.9,210.58,54.598,13.201,129.01,579.8,34.626,max,3,Tuned map
580.0,2496.1,210.47,55.014,13.395,126.39,571.4,34.383,max,3,Tuned map
582.5,2477.7,205.89,53.423,12.938,123.58,564.1,34.569,max,3,Tuned map
585.0,2488.8,208.29,54.287,13.117,121.06,557.1,34.65,max,3,Tuned map
587.5,2483.3,210.04,54.621,13.04,119.03,551.9,35.067,max,3,Tuned map
590.0,2499.1,205.69,53.829,13.064,117.01,548.4,34.496,max,3,Tuned map
592.5,2495.7,214.22,55.988,13.465,115.42,546.2,34.812,max,3,Tuned map
595.0,2529.9,217.49,57.622,13.703,114.07,544.0,35.206,max,3,Tuned map
597.5,2562.4,222.58,59.727,14.31,113.11,544.6,34.943,max,3,Tuned map
